	G7	CFC	Octet
Vol plein	827.344108	1927.93231	1973.99027
Vol cube	5832	5832	5832
Densité	0.141862844	0.330578242	0.338475698
